"","V1","V2","V3","V4","V5"
"1","insert","binding","node","offset","project"
"2","formatter","type","property","stack","path"
"3","space","reference","code","contents","model"
"4","option","field","ast","ptr","element"
"5","options","method","child","position","ijava"
"6","flow","scope","visit","scanner","java"
"7","before","name","list","token","root"
"8","line","match","expression","start","entry"
"9","alignment","signature","value","length","classpath"
"10","string","completion","pc","line","file"
"11","problem","types","astnode","consume","container"
"12","compiler","declaring","stream","t","resource"
"13","scribe","pattern","constant","pool","core"
"14","code","proposal","right","attribute","delta"
"15","iproblem","length","left","identifier","key"
"16","scope","methods","li","end","monitor"
"17","indent","enclosing","p","table","search"
"18","print","receiver","statement","index","fragment"
"19","core","interfaces","descriptor","number","working"
"20","opening","parameter","visitor","comment","manager"
